<?xml version="1.0" encoding="utf-8"?>
<odoo>
    <data noupdate="1">
        <record id="mail_template_request_for_approved_reorder" model="mail.template">
            <field name="name">Advance Reorder Process For Approving</field>
            <field name="model_id" ref="setu_advance_reordering.model_advance_reorder_orderprocess"/>
            <field name="subject">Advance Reorder ${object.name} Request for Approval</field>
            <field name="email_from">${(object.user_id.email_formatted or user.email_formatted) | safe}</field>
            <field name="partner_to">${object.approve_id.partner_id.id}</field>
            <field name="lang">${object.lang}</field>
            <field name="auto_delete" eval="True"/>
            <field name="body_html" type="xml">
                <div style="margin: 0px; padding: 0px;">
                    <p style="margin: 0px; padding: 0px; font-size: 13px;">
                        Dear ${object.approve_id.name}<br/><br/>
                        Need to approved Advance Reorder Process <strong>${object.name}</strong>
                        <br/><br/>
                        Best regards,
                        <br/>
                        ${user_id.name}
                    </p>
                </div>
            </field>
        </record>
    </data>
</odoo>
